word,len,split_name,0-0,0-1,0-2,0-3,0-4,0-5,0-6,0-7,0-8,0-9,0-10,0-11,0-12,0-13,0-14,0-15,0-16,0-17,0-18,0-19,0-20,0-21,0-22,0-23,0-24,1-0,1-1,1-2,1-3,1-4,1-5,1-6,1-7,1-8,1-9,1-10,1-11,1-12,1-13,1-14,1-15,1-16,1-17,1-18,1-19,1-20,1-21,1-22,1-23,1-24
b l i1ː g ɪ f,6,data/daland_test.txt,21.80733871459961,20.980770111083984,20.30544662475586,22.45895767211914,21.788387298583984,20.682518005371094,21.954936981201172,20.876384735107422,23.11537742614746,22.700519561767578,20.329195022583008,20.807750701904297,21.78691864013672,24.2841796875,21.39530372619629,22.52654266357422,22.28972625732422,22.446924209594727,20.429492950439453,22.209917068481445,23.007904052734375,20.67984390258789,21.6795654296875,20.34530258178711,23.201339721679688,24.11310577392578,22.427867889404297,20.94272804260254,24.416725158691406,20.73133659362793,23.09512710571289,22.73882293701172,23.464488983154297,21.606538772583008,22.90812873840332,21.60353660583496,22.951080322265625,21.713424682617188,21.8616943359375,24.54438591003418,21.466995239257812,20.83365249633789,22.642499923706055,21.219501495361328,21.46778678894043,23.37006950378418,23.990760803222656,25.763261795043945,21.58026885986328,23.295536041259766
b l ɛ1 z ɪ g,6,data/daland_test.txt,25.9804630279541,24.857078552246094,24.704124450683594,25.132171630859375,28.563037872314453,25.929401397705078,21.346586227416992,22.369749069213867,27.255096435546875,24.15673065185547,24.15174102783203,24.423931121826172,24.171863555908203,24.88665771484375,25.392990112304688,25.55001449584961,22.071308135986328,27.98009490966797,26.363073348999023,24.570331573486328,25.288259506225586,20.397823333740234,24.02707290649414,20.578590393066406,24.312728881835938,24.25130271911621,24.54288101196289,25.392559051513672,25.1086368560791,21.122425079345703,22.946910858154297,22.730310440063477,26.426136016845703,21.452634811401367,25.771240234375,28.105709075927734,24.242656707763672,25.271400451660156,27.79167938232422,28.815065383911133,25.67134666442871,23.413503646850586,23.11989974975586,25.94441795349121,27.09579849243164,25.214006423950195,21.625333786010742,25.424205780029297,24.338260650634766,27.634017944335938
b ɹ i1ː g ɪ f,6,data/daland_test.txt,26.839881896972656,28.56407928466797,26.667461395263672,24.875713348388672,27.79062271118164,28.480562210083008,25.481033325195312,26.966285705566406,29.596269607543945,29.83251190185547,26.76189422607422,29.439668655395508,25.553987503051758,32.98442077636719,26.444677352905273,27.66189956665039,28.589296340942383,29.698322296142578,26.89788055419922,26.21390724182129,26.420923233032227,26.331741333007812,26.892173767089844,23.373092651367188,33.867801666259766,26.544015884399414,25.884319305419922,22.473995208740234,27.509178161621094,23.50295639038086,25.865623474121094,24.440629959106445,29.421842575073242,23.35407066345215,27.52132797241211,29.404014587402344,30.29202651977539,27.95876693725586,28.580421447753906,31.718210220336914,28.165359497070312,22.586124420166016,25.329818725585938,24.619762420654297,24.73040008544922,29.299448013305664,26.96818733215332,25.997671127319336,25.02900505065918,28.074888229370117
b ɹ ɛ1 p ɪ d,6,data/daland_test.txt,21.226703643798828,24.52200698852539,30.676868438720703,21.45999526977539,25.978134155273438,22.091197967529297,21.709579467773438,19.948139190673828,23.587173461914062,26.622230529785156,26.019683837890625,27.408004760742188,22.005104064941406,24.435407638549805,24.53934097290039,26.320655822753906,22.972930908203125,25.587535858154297,26.068416595458984,23.913379669189453,22.423551559448242,22.616779327392578,21.485443115234375,19.83301544189453,24.662445068359375,24.250375747680664,23.297042846679688,22.569093704223633,24.876487731933594,20.938926696777344,24.378244400024414,25.920074462890625,27.849802017211914,21.080169677734375,26.82074737548828,27.414752960205078,26.281824111938477,23.831573486328125,26.653833389282227,24.124732971191406,28.40123176574707,18.85759735107422,22.09215545654297,24.536670684814453,28.828895568847656,25.443265914916992,20.156169891357422,21.568891525268555,26.292827606201172,27.174270629882812
b w i1ː g ɪ f,6,data/daland_test.txt,31.918920516967773,35.533504486083984,35.01658630371094,33.956275939941406,40.79375457763672,33.37416458129883,34.176490783691406,32.1922721862793,34.27849197387695,34.2801513671875,36.04503631591797,35.47711181640625,34.8602294921875,40.344154357910156,33.020835876464844,31.207576751708984,37.31359100341797,41.13050842285156,34.08320236206055,33.35546875,38.37290954589844,36.625614166259766,33.16274642944336,30.102203369140625,38.164913177490234,35.78357696533203,35.687278747558594,30.860612869262695,37.09281539916992,29.539535522460938,34.82548141479492,32.9311637878418,35.64354705810547,30.919031143188477,37.03068542480469,35.418399810791016,35.488014221191406,35.93192672729492,38.065574645996094,42.00968551635742,37.599525451660156,27.24643898010254,34.29935836791992,33.90266036987305,33.88035583496094,38.24037170410156,33.503299713134766,31.43979263305664,33.93017578125,36.595855712890625
b w ɑ1ː s ɪ p,6,data/daland_test.txt,30.24781036376953,34.3267707824707,35.816307067871094,32.333011627197266,34.8160285949707,29.896041870117188,29.806556701660156,29.588790893554688,29.961627960205078,31.8289794921875,30.29621696472168,31.49409294128418,33.626220703125,31.272323608398438,32.10037612915039,31.15451431274414,36.16805648803711,40.70960235595703,34.68769836425781,30.759397506713867,32.22406768798828,32.22466278076172,31.36447525024414,26.797719955444336,30.535621643066406,32.02159118652344,31.65148162841797,27.361804962158203,35.37861251831055,29.8170108795166,35.13652801513672,33.0234260559082,34.26588439941406,31.583431243896484,33.41621780395508,32.41131591796875,35.068790435791016,32.072750091552734,34.20215606689453,37.83293533325195,34.303810119628906,25.05939483642578,30.29279899597168,32.25850296020508,32.470489501953125,32.893253326416016,28.46053695678711,30.901880264282227,33.39200210571289,34.596370697021484
d g ɛ1 p ɪ d,6,data/daland_test.txt,30.341861724853516,29.48587417602539,31.898468017578125,33.09497833251953,30.954425811767578,28.211318969726562,28.413188934326172,31.912960052490234,33.87147521972656,29.96317481994629,31.318241119384766,32.07177734375,33.77021789550781,32.44801330566406,32.05003356933594,31.879701614379883,28.674150466918945,30.308256149291992,34.615596771240234,33.992462158203125,32.529869079589844,30.08060073852539,29.006065368652344,26.133861541748047,36.172760009765625,26.29987144470215,33.35980987548828,31.843334197998047,31.890769958496094,26.822036743164062,33.70741271972656,27.712799072265625,32.124237060546875,32.1312255859375,33.31216049194336,34.740509033203125,30.799772262573242,26.400714874267578,33.39314651489258,30.79831886291504,32.669822692871094,27.109256744384766,30.763896942138672,32.6619987487793,32.08086395263672,31.75328254699707,27.897300720214844,26.34591293334961,33.725799560546875,31.595809936523438
d g ɑ1ː t ɪ f,6,data/daland_test.txt,31.955381393432617,34.832008361816406,33.17078399658203,35.31560134887695,37.072425842285156,30.544818878173828,32.00920486450195,34.56663513183594,33.1588249206543,32.13217544555664,36.914066314697266,33.67578887939453,37.82021713256836,34.539249420166016,33.777530670166016,33.038856506347656,34.3724479675293,36.320674896240234,33.00147247314453,36.37696838378906,35.640071868896484,32.32427215576172,35.26142883300781,30.87224769592285,37.12038803100586,31.58137321472168,36.17754364013672,32.25543975830078,35.549903869628906,31.332956314086914,32.63131332397461,30.486074447631836,31.648714065551758,33.601314544677734,35.31898880004883,37.02691650390625,34.95270538330078,31.202991485595703,37.16086959838867,38.1779670715332,39.55033874511719,30.73613739013672,28.893354415893555,33.63429260253906,35.12568283081055,35.9645881652832,31.529010772705078,32.53438186645508,36.03046417236328,33.075439453125
d n i1ː g ɪ f,6,data/daland_test.txt,30.27993392944336,37.43684387207031,33.96036148071289,33.252357482910156,38.28778076171875,33.93239974975586,30.45413589477539,34.77240753173828,32.29978942871094,34.157318115234375,36.80656051635742,36.951534271240234,33.874202728271484,36.260372161865234,34.073341369628906,31.42316436767578,34.420867919921875,31.71971893310547,34.35478210449219,36.87889099121094,29.849380493164062,30.8773193359375,31.755882263183594,30.23711395263672,38.71519088745117,32.796627044677734,36.891937255859375,33.20915985107422,30.628952026367188,34.14723205566406,34.81817626953125,29.600727081298828,35.00006103515625,32.600460052490234,35.934669494628906,32.23515319824219,41.09356689453125,33.069114685058594,34.91931915283203,35.798160552978516,32.25484848022461,30.559186935424805,32.90574264526367,32.487144470214844,34.438987731933594,35.16728973388672,31.99787139892578,31.161338806152344,35.6176643371582,35.13330841064453
d n ɑ1ː t ɪ f,6,data/daland_test.txt,30.159406661987305,33.38615417480469,31.318973541259766,34.6535530090332,38.79121017456055,31.758480072021484,30.737720489501953,31.929040908813477,31.324676513671875,31.667762756347656,33.43648910522461,31.5811824798584,36.377227783203125,33.16948699951172,31.81084442138672,30.20261001586914,34.69422912597656,32.998558044433594,35.86835861206055,33.93424987792969,31.278217315673828,27.812082290649414,27.39373779296875,28.44972038269043,35.50460433959961,33.01055908203125,32.17624282836914,34.669578552246094,30.727901458740234,30.19778823852539,34.741493225097656,29.119735717773438,32.95746612548828,30.248979568481445,34.900211334228516,33.978572845458984,34.48173522949219,30.83938217163086,35.80943298339844,31.409805297851562,29.128204345703125,27.754053115844727,31.169017791748047,32.48733139038086,34.83002471923828,33.382957458496094,28.72760009765625,27.545833587646484,34.912601470947266,32.49726867675781
d ɹ i1ː g ɪ f,6,data/daland_test.txt,28.506301879882812,26.80687713623047,25.846153259277344,28.00567054748535,35.59311294555664,28.79358673095703,27.000709533691406,28.441028594970703,28.347013473510742,30.085411071777344,29.619285583496094,29.268604278564453,30.058887481689453,27.90452766418457,29.77296257019043,29.627124786376953,29.917509078979492,30.156829833984375,30.907777786254883,29.203887939453125,26.027565002441406,27.03736114501953,26.16699981689453,27.266721725463867,32.63779067993164,29.834068298339844,29.171323776245117,23.84272003173828,28.79249382019043,24.69086456298828,26.49899673461914,26.659955978393555,27.66714096069336,25.93502426147461,28.45508575439453,29.635547637939453,31.709529876708984,28.946014404296875,28.21236228942871,28.492706298828125,26.819276809692383,24.21424102783203,26.44388198852539,29.255229949951172,32.013790130615234,30.0128231048584,28.62425994873047,26.921995162963867,29.225337982177734,28.353435516357422
d ɹ ɛ1 p ɪ d,6,data/daland_test.txt,19.19796371459961,19.93722152709961,24.61217498779297,20.666475296020508,26.730039596557617,24.144859313964844,19.105876922607422,19.793746948242188,20.625587463378906,26.850566864013672,23.770416259765625,25.353164672851562,22.872203826904297,21.701290130615234,23.372600555419922,26.317306518554688,20.935251235961914,25.66588592529297,23.22864532470703,23.233211517333984,20.10382843017578,22.022933959960938,20.600107192993164,21.795425415039062,24.331541061401367,22.205781936645508,22.101306915283203,20.334327697753906,20.907272338867188,21.27924156188965,24.128379821777344,18.85311508178711,21.315166473388672,20.31993865966797,23.069782257080078,22.13026237487793,19.670583724975586,21.819255828857422,23.041156768798828,22.56332778930664,21.507966995239258,18.365585327148438,20.886245727539062,22.729412078857422,25.00670623779297,24.38106918334961,22.11997413635254,18.414825439453125,25.832271575927734,23.505802154541016
d w ɛ1 z ɪ g,6,data/daland_test.txt,31.28223991394043,31.082569122314453,29.666282653808594,33.501792907714844,35.58439254760742,28.9145450592041,31.510128021240234,34.150272369384766,29.560474395751953,30.629535675048828,32.99843978881836,31.450258255004883,29.766935348510742,30.52035140991211,29.97069549560547,27.842586517333984,32.13279724121094,32.093772888183594,31.21333885192871,30.916244506835938,31.20751190185547,31.06224250793457,29.230844497680664,25.978988647460938,31.332807540893555,29.401317596435547,33.7911262512207,31.23375701904297,30.444250106811523,30.793073654174805,32.0655632019043,29.24365234375,32.56982421875,30.948598861694336,33.685020446777344,33.01078414916992,34.637237548828125,28.876258850097656,32.49812316894531,31.34839630126953,34.16801834106445,28.45978355407715,28.340312957763672,31.31649398803711,36.028316497802734,33.93797302246094,27.759315490722656,34.39206314086914,34.62831115722656,32.45179748535156
d w ɑ1ː t ɪ f,6,data/daland_test.txt,31.229736328125,31.639957427978516,29.09636688232422,32.76150894165039,35.78390121459961,29.98515510559082,29.543014526367188,33.59464645385742,28.909147262573242,34.86383056640625,32.779518127441406,31.310470581054688,33.654720306396484,32.62147903442383,30.106616973876953,32.32179641723633,34.01495361328125,37.52284240722656,33.61939239501953,33.73960494995117,31.42135238647461,31.78622055053711,28.81011199951172,28.625286102294922,32.19976806640625,34.94715881347656,33.80561828613281,31.73858642578125,31.573801040649414,27.118507385253906,30.238170623779297,26.560108184814453,31.537534713745117,30.99445152282715,32.859535217285156,34.41395568847656,36.288753509521484,32.7085075378418,33.526554107666016,33.29757308959961,32.080589294433594,28.87555694580078,29.770526885986328,31.79313087463379,30.36293601989746,32.493186950683594,28.962188720703125,29.107627868652344,36.1424446105957,30.168903350830078
f l ɛ1 z ɪ g,6,data/daland_test.txt,28.91561508178711,28.73462677001953,29.68242073059082,26.132728576660156,32.63139343261719,29.727392196655273,27.56203269958496,29.706369400024414,29.925884246826172,30.139766693115234,29.678274154663086,32.0472297668457,29.682294845581055,26.97901153564453,29.066566467285156,23.773746490478516,27.3280086517334,31.265567779541016,30.292158126831055,27.53838348388672,29.950389862060547,26.891801834106445,26.81051254272461,25.355953216552734,26.312536239624023,27.104753494262695,28.070674896240234,26.21971893310547,31.207311630249023,23.38711166381836,25.812145233154297,22.386850357055664,26.988651275634766,22.73891258239746,29.790264129638672,28.085073471069336,31.356224060058594,24.83794403076172,27.13876724243164,27.796913146972656,27.590431213378906,24.083627700805664,26.37554931640625,25.049442291259766,27.80690574645996,28.9189395904541,24.773902893066406,27.448932647705078,27.453493118286133,27.049118041992188
f l ɑ1ː t ɪ f,6,data/daland_test.txt,29.868484497070312,27.339412689208984,25.99828338623047,27.75182342529297,32.13011169433594,28.35918426513672,26.595497131347656,28.436260223388672,27.960248947143555,29.975147247314453,26.7518310546875,30.03744125366211,33.253639221191406,26.128986358642578,28.921993255615234,25.09410858154297,29.770156860351562,29.63936424255371,29.5731258392334,29.51581382751465,26.581619262695312,26.53751564025879,27.765804290771484,25.7000789642334,28.814441680908203,27.11073112487793,31.08053207397461,29.249187469482422,27.896636962890625,23.907514572143555,26.31954574584961,24.169086456298828,24.91563606262207,24.572261810302734,28.112220764160156,31.11171531677246,33.419315338134766,24.914255142211914,28.100181579589844,26.648563385009766,26.429000854492188,22.8227596282959,26.749826431274414,27.10544204711914,27.28225326538086,29.971988677978516,23.944150924682617,24.1738338470459,29.09861946105957,24.105358123779297
f n i1ː b ɪ d,6,data/daland_test.txt,30.260543823242188,33.334835052490234,31.912246704101562,29.469768524169922,31.91105842590332,29.72106170654297,32.100399017333984,36.7808837890625,30.087142944335938,32.468658447265625,31.505836486816406,35.36233901977539,33.89625549316406,30.932716369628906,29.717226028442383,28.08562469482422,30.195541381835938,32.89581298828125,34.965187072753906,35.18376541137695,30.629230499267578,28.96375274658203,28.676788330078125,29.03551483154297,33.67090606689453,28.147720336914062,28.721757888793945,32.4066162109375,29.533512115478516,29.06922149658203,32.084190368652344,34.228492736816406,28.705978393554688,29.584869384765625,30.84746551513672,31.61419677734375,35.37964630126953,30.850109100341797,31.899612426757812,28.640304565429688,32.10187530517578,24.555835723876953,30.06371307373047,33.20549774169922,37.87834167480469,34.312774658203125,27.157941818237305,27.760650634765625,32.969932556152344,31.90113639831543
f n ɛ1 z ɪ g,6,data/daland_test.txt,34.58489227294922,35.983253479003906,35.070152282714844,35.51203155517578,38.32349395751953,34.596927642822266,30.543893814086914,34.44831848144531,33.42990493774414,37.361515045166016,38.99851989746094,37.30988311767578,38.61528778076172,33.16785430908203,36.277854919433594,30.840715408325195,32.09478759765625,39.109153747558594,35.58545684814453,35.69961166381836,35.15203094482422,32.14847946166992,33.669742584228516,30.565013885498047,34.027099609375,30.58841323852539,33.5667839050293,37.29558563232422,33.839046478271484,31.302141189575195,37.364402770996094,33.731101989746094,32.16494369506836,29.139080047607422,36.96128463745117,35.90861892700195,36.979736328125,36.07731246948242,34.393829345703125,31.541706085205078,35.80967712402344,30.694063186645508,34.426734924316406,33.33721923828125,36.696868896484375,37.39405822753906,30.625974655151367,33.56522750854492,38.53155517578125,39.924888610839844
f ɹ ɛ1 p ɪ d,6,data/daland_test.txt,23.369083404541016,26.165916442871094,27.09044647216797,22.4095458984375,24.538570404052734,24.977825164794922,22.657100677490234,25.9781551361084,24.217632293701172,27.125164031982422,24.51540756225586,29.235790252685547,26.166362762451172,23.22705078125,27.392486572265625,25.60158920288086,22.498310089111328,28.44576072692871,26.399044036865234,28.009363174438477,23.50959014892578,30.27696990966797,22.002227783203125,22.46499252319336,22.994150161743164,22.96234130859375,24.11715316772461,24.044008255004883,25.008331298828125,21.22527503967285,23.783283233642578,20.004884719848633,23.90138053894043,23.594200134277344,22.025671005249023,24.09299087524414,24.115802764892578,22.23238754272461,26.038959503173828,20.81220054626465,24.650005340576172,20.038915634155273,24.351181030273438,24.062938690185547,24.808712005615234,25.972919464111328,22.311798095703125,21.118900299072266,22.771522521972656,23.31085205078125
f ɹ ɑ1ː s ɪ p,6,data/daland_test.txt,25.68439292907715,26.606910705566406,24.100492477416992,28.592430114746094,30.660858154296875,24.680246353149414,28.351726531982422,27.952680587768555,29.94045066833496,26.076425552368164,27.254150390625,30.153610229492188,26.45262336730957,22.789920806884766,29.957115173339844,22.515493392944336,30.706979751586914,30.50186538696289,25.99374771118164,27.30024528503418,26.42673110961914,28.098039627075195,23.81618309020996,23.439762115478516,27.364116668701172,25.65290069580078,25.667497634887695,25.499671936035156,27.885513305664062,22.833721160888672,25.157440185546875,26.36502456665039,25.799911499023438,24.619279861450195,31.876710891723633,28.623580932617188,26.52136993408203,23.429813385009766,26.792789459228516,27.988513946533203,29.23762321472168,20.711984634399414,23.39594078063965,29.037109375,27.152523040771484,27.426727294921875,23.74292755126953,25.98134994506836,30.1398868560791,24.27639389038086
f w i1ː b ɪ d,6,data/daland_test.txt,30.516006469726562,32.091346740722656,30.985530853271484,26.300968170166016,35.78145980834961,32.04151916503906,29.28216552734375,27.175331115722656,29.484838485717773,28.640628814697266,30.846988677978516,27.227813720703125,31.609146118164062,29.20911407470703,31.42220115661621,30.274085998535156,31.02691650390625,33.396522521972656,30.884674072265625,29.212617874145508,30.924476623535156,32.1197509765625,25.89509391784668,28.21381378173828,30.393692016601562,29.12267303466797,29.173006057739258,31.54711151123047,28.13143539428711,24.582809448242188,28.089035034179688,29.668102264404297,30.35523223876953,30.618141174316406,32.629459381103516,28.778047561645508,31.083873748779297,29.770090103149414,33.180442810058594,30.48811149597168,35.107666015625,24.859241485595703,31.36894989013672,30.073291778564453,33.31794357299805,32.10972595214844,26.222030639648438,25.238725662231445,29.03985595703125,28.753395080566406
f w ɛ1 z ɪ g,6,data/daland_test.txt,32.21741485595703,34.268836975097656,35.7408332824707,32.33808135986328,36.60797882080078,34.9102783203125,32.5728759765625,34.90355682373047,32.94573211669922,34.29705047607422,39.15148162841797,33.36406326293945,37.295562744140625,35.16704177856445,33.3980827331543,32.762760162353516,34.11244201660156,39.43061828613281,36.954925537109375,33.42861557006836,36.20926284790039,33.55038833618164,34.22602462768555,30.158729553222656,31.6671142578125,32.102821350097656,35.18150329589844,35.110313415527344,33.227027893066406,31.171897888183594,37.80597686767578,31.771167755126953,35.588096618652344,32.20954132080078,36.403907775878906,33.657501220703125,33.86253356933594,32.773250579833984,35.60139846801758,34.876277923583984,41.08728790283203,29.736835479736328,34.52339553833008,35.308616638183594,33.84791946411133,35.7302360534668,30.765066146850586,33.39911651611328,35.901344299316406,37.17388153076172
g l ɛ1 p ɪ d,6,data/daland_test.txt,23.08441162109375,24.234249114990234,24.975448608398438,19.303762435913086,26.159526824951172,21.236913681030273,23.58380889892578,26.475194931030273,19.540985107421875,25.235782623291016,24.030595779418945,26.54443359375,24.90439224243164,26.393035888671875,22.15062713623047,21.160533905029297,21.776918411254883,25.09247589111328,25.449119567871094,26.463441848754883,23.2332763671875,21.52354621887207,19.876041412353516,20.253997802734375,29.126800537109375,19.449275970458984,24.1728515625,26.030834197998047,24.356014251708984,19.953866958618164,27.14759063720703,20.162887573242188,25.01523208618164,21.320507049560547,23.077299118041992,24.91278076171875,27.398744583129883,21.883840560913086,25.989742279052734,23.177810668945312,24.538606643676758,19.16413688659668,25.455780029296875,23.943147659301758,25.355815887451172,24.07294464111328,20.578351974487305,19.485671997070312,24.832569122314453,22.453672409057617
g l ɑ1ː t ɪ f,6,data/daland_test.txt,27.57592010498047,28.200027465820312,26.379060745239258,26.433555603027344,34.30454635620117,26.184968948364258,24.372730255126953,26.07731056213379,26.36273956298828,29.66611099243164,25.167015075683594,28.634822845458984,29.689842224121094,29.139171600341797,25.14556884765625,25.01279640197754,30.03675651550293,30.037311553955078,29.106239318847656,28.304365158081055,29.250402450561523,25.18701171875,28.978439331054688,24.65622329711914,30.236412048339844,25.738826751708984,30.159448623657227,28.00855255126953,29.75641632080078,22.398487091064453,26.524280548095703,24.227397918701172,28.04041290283203,25.245166778564453,31.953460693359375,30.730871200561523,30.014312744140625,27.62520408630371,29.20831298828125,29.3272705078125,30.10696792602539,23.394886016845703,26.372922897338867,29.38409423828125,29.5489501953125,26.272293090820312,23.434818267822266,27.337316513061523,31.312726974487305,23.690658569335938
g ɹ i1ː b ɪ d,6,data/daland_test.txt,24.228328704833984,24.513587951660156,25.882505416870117,20.424362182617188,28.77490234375,24.155532836914062,19.918466567993164,24.17949676513672,22.124683380126953,25.383596420288086,22.136634826660156,29.330921173095703,23.78158950805664,22.318016052246094,21.248043060302734,23.947141647338867,25.32626724243164,22.219125747680664,25.152511596679688,23.999053955078125,23.523881912231445,21.326892852783203,20.53520965576172,21.08021354675293,27.67041015625,23.20936393737793,22.400211334228516,23.03399085998535,24.81336784362793,18.890182495117188,23.47327423095703,21.31668472290039,21.441099166870117,22.703229904174805,23.803333282470703,26.004783630371094,24.260150909423828,22.38825035095215,25.965167999267578,23.176631927490234,24.247989654541016,17.08072853088379,23.785058975219727,24.619892120361328,23.579389572143555,25.381044387817383,22.02542495727539,22.270891189575195,22.403120040893555,20.49611473083496
g ɹ ɑ1ː t ɪ f,6,data/daland_test.txt,26.765226364135742,29.19943618774414,29.700544357299805,25.885841369628906,30.917037963867188,29.19743537902832,25.331722259521484,28.72064971923828,27.40889549255371,31.604896545410156,25.280193328857422,28.910179138183594,29.212966918945312,29.76470184326172,24.54567527770996,29.23460578918457,32.604339599609375,31.159217834472656,29.0607967376709,27.311111450195312,30.255306243896484,25.90239906311035,28.091567993164062,25.158483505249023,27.810623168945312,23.64923095703125,28.646352767944336,27.485759735107422,28.225574493408203,24.276851654052734,27.85258674621582,24.054401397705078,28.76303482055664,24.440765380859375,30.188194274902344,29.76742935180664,31.178632736206055,28.960107803344727,31.275516510009766,29.219341278076172,29.46159553527832,23.372146606445312,27.604537963867188,33.29817581176758,27.857709884643555,29.076175689697266,25.03972053527832,26.310871124267578,28.292097091674805,27.536596298217773
g w i1ː b ɪ d,6,data/daland_test.txt,27.50564956665039,32.55419921875,30.951242446899414,27.710041046142578,33.85749053955078,27.879070281982422,26.327451705932617,28.522216796875,28.164234161376953,28.608642578125,28.624387741088867,31.18731689453125,29.060575485229492,27.840656280517578,28.708728790283203,28.383834838867188,30.66822052001953,32.226478576660156,28.55820655822754,29.47812271118164,31.782840728759766,27.53316879272461,29.090839385986328,25.778522491455078,32.69921112060547,28.96648597717285,29.262020111083984,28.311073303222656,31.522289276123047,25.785003662109375,30.57537841796875,28.61032485961914,29.692209243774414,31.508150100708008,30.41155242919922,29.70705795288086,32.63527297973633,28.461322784423828,31.363971710205078,30.802658081054688,31.086463928222656,22.26053237915039,29.55290985107422,29.751863479614258,36.95596694946289,33.51017761230469,27.03754234313965,27.074480056762695,30.405941009521484,30.835968017578125
g w ɑ1ː t ɪ f,6,data/daland_test.txt,27.291921615600586,31.300092697143555,31.39617347717285,29.32992172241211,35.22705078125,28.68690299987793,28.894115447998047,32.163387298583984,29.375652313232422,33.48622512817383,29.83746910095215,32.0128173828125,36.647850036621094,33.96045684814453,27.454151153564453,32.31459426879883,37.63006591796875,37.550132751464844,35.15862274169922,31.707199096679688,36.3581657409668,29.970853805541992,29.182777404785156,29.118614196777344,31.75387954711914,29.378820419311523,32.85292053222656,29.521686553955078,32.58473587036133,28.31004524230957,30.522865295410156,28.6058349609375,33.131446838378906,27.736263275146484,31.797168731689453,32.42115020751953,32.92412567138672,33.34251403808594,33.1794319152832,32.5699577331543,33.680145263671875,27.96522331237793,30.551464080810547,33.85210037231445,31.031944274902344,33.9463005065918,30.189983367919922,29.352340698242188,33.307350158691406,32.45357131958008
k l i1ː b ɪ d,6,data/daland_test.txt,25.957019805908203,26.236968994140625,23.035404205322266,20.757225036621094,26.416194915771484,24.646739959716797,21.669002532958984,25.351593017578125,22.02637481689453,20.92102813720703,23.106170654296875,28.809650421142578,22.651622772216797,22.974576950073242,21.511268615722656,21.017696380615234,22.884414672851562,21.126386642456055,24.241641998291016,23.14606475830078,23.877132415771484,21.05530548095703,22.138263702392578,19.940929412841797,27.966793060302734,22.439008712768555,23.304914474487305,22.56183433532715,22.76995849609375,20.53601837158203,22.839031219482422,23.35592269897461,22.032108306884766,22.01952362060547,23.72966957092285,24.314449310302734,24.583520889282227,20.944610595703125,23.12714195251465,20.73378562927246,23.92777442932129,16.33919906616211,23.606693267822266,24.802064895629883,28.103557586669922,23.445632934570312,19.041614532470703,24.157140731811523,25.219661712646484,22.125652313232422
k l ɑ1ː s ɪ p,6,data/daland_test.txt,18.891555786132812,18.848499298095703,18.698261260986328,16.215248107910156,21.039588928222656,23.12846565246582,19.317157745361328,17.880733489990234,20.680259704589844,19.826984405517578,18.942842483520508,20.96453094482422,18.94503402709961,18.08400535583496,16.352163314819336,17.947677612304688,20.68869972229004,20.052593231201172,18.259111404418945,19.566242218017578,19.969022750854492,17.749412536621094,18.86300277709961,18.039249420166016,20.513246536254883,15.526586532592773,20.106746673583984,17.55284881591797,17.79827117919922,19.32500457763672,18.072269439697266,19.930715560913086,19.62090492248535,19.944995880126953,20.998146057128906,18.896228790283203,21.223960876464844,17.93239402770996,19.27082061767578,19.951513290405273,21.866928100585938,17.209285736083984,21.43718719482422,22.43929100036621,17.963031768798828,19.741657257080078,18.06400489807129,18.164703369140625,19.255126953125,18.715801239013672
k m ɛ1 p ɪ d,6,data/daland_test.txt,31.441452026367188,30.347763061523438,35.469879150390625,31.678050994873047,32.23186492919922,28.896570205688477,30.71490478515625,31.828115463256836,35.150535583496094,32.76927185058594,30.972537994384766,32.190574645996094,33.40718078613281,33.31178283691406,31.92650604248047,31.090816497802734,27.402854919433594,32.58721923828125,33.410430908203125,34.235965728759766,35.05803680419922,28.64974594116211,30.355915069580078,27.83306884765625,34.37281036376953,25.101608276367188,33.61394500732422,31.164813995361328,31.932910919189453,24.57264518737793,30.601688385009766,27.464460372924805,33.99217224121094,28.82529067993164,30.220821380615234,34.27031707763672,32.431427001953125,25.56366729736328,33.80561828613281,33.53384017944336,34.379302978515625,26.201892852783203,33.9589958190918,30.496625900268555,32.46995162963867,30.612037658691406,28.866397857666016,28.656444549560547,32.336280822753906,32.38792419433594
k m ɑ1ː s ɪ p,6,data/daland_test.txt,30.219135284423828,28.255714416503906,29.7592716217041,29.706789016723633,28.777341842651367,27.50432586669922,28.171314239501953,27.701372146606445,31.62380027770996,29.641704559326172,27.908042907714844,30.967933654785156,30.1201171875,26.95781898498535,28.584487915039062,23.297595977783203,26.644954681396484,29.884536743164062,28.973495483398438,30.848630905151367,32.42172622680664,27.552953720092773,26.79482650756836,24.212234497070312,31.686368942260742,24.67454719543457,27.770545959472656,30.865894317626953,30.75116729736328,28.012845993041992,28.664649963378906,29.01462745666504,32.781402587890625,27.47742462158203,30.105920791625977,32.34716796875,29.99799156188965,25.232730865478516,28.2786808013916,30.257301330566406,34.55450439453125,23.716556549072266,26.980045318603516,30.230833053588867,27.38286781311035,29.09740447998047,25.676328659057617,29.720108032226562,34.20954513549805,26.203388214111328
k ɹ i1ː b ɪ d,6,data/daland_test.txt,24.908077239990234,22.677356719970703,24.102222442626953,22.116275787353516,25.848941802978516,26.24866485595703,23.789947509765625,23.841938018798828,23.56218147277832,23.26205062866211,22.594970703125,22.511554718017578,24.58042335510254,23.837444305419922,23.557945251464844,22.540205001831055,24.039247512817383,21.10516357421875,26.983278274536133,25.170896530151367,24.51984977722168,22.88269805908203,21.345844268798828,20.897138595581055,24.277006149291992,23.898296356201172,25.138195037841797,22.449138641357422,22.08405113220215,17.104175567626953,23.475475311279297,21.714487075805664,24.238990783691406,22.454544067382812,21.90081024169922,25.580032348632812,26.653289794921875,22.39081573486328,25.08538246154785,24.26047134399414,25.57387924194336,16.683923721313477,23.127349853515625,22.975631713867188,24.255775451660156,25.555404663085938,22.567134857177734,23.060317993164062,26.318668365478516,22.925228118896484
k ɹ ɛ1 z ɪ g,6,data/daland_test.txt,27.459754943847656,29.326213836669922,25.8299560546875,28.345924377441406,32.793922424316406,28.258018493652344,28.205547332763672,26.40890121459961,27.230533599853516,27.195966720581055,27.699249267578125,27.676029205322266,24.783485412597656,26.916091918945312,27.42637062072754,25.073453903198242,24.441814422607422,30.029428482055664,29.28873062133789,26.570507049560547,26.55815887451172,25.853395462036133,27.740114212036133,24.55044174194336,23.9456787109375,25.984840393066406,30.818008422851562,31.819320678710938,27.97803497314453,20.83269691467285,25.097566604614258,25.296615600585938,27.233667373657227,23.826934814453125,30.24972915649414,33.50907516479492,29.21921157836914,23.926776885986328,26.524169921875,28.35736656188965,31.043010711669922,23.11796760559082,27.362327575683594,30.23096466064453,31.934429168701172,25.68408966064453,25.71817398071289,26.411556243896484,31.163230895996094,31.052993774414062
k w i1ː b ɪ d,6,data/daland_test.txt,26.735383987426758,28.354448318481445,25.525602340698242,25.644792556762695,29.201488494873047,25.886842727661133,25.12287712097168,23.93594741821289,25.564590454101562,25.196117401123047,26.836353302001953,24.935394287109375,25.04132080078125,25.21025276184082,23.27066421508789,24.263713836669922,24.252439498901367,27.416515350341797,24.732887268066406,27.342130661010742,27.489315032958984,26.816463470458984,22.712554931640625,22.873985290527344,29.102201461791992,27.07415771484375,26.195552825927734,24.871932983398438,26.688480377197266,21.473251342773438,25.445465087890625,24.326091766357422,27.734634399414062,26.372547149658203,21.182361602783203,25.888824462890625,30.671245574951172,25.320472717285156,24.257984161376953,25.84942626953125,29.23068618774414,19.873226165771484,26.59830093383789,29.959918975830078,29.025074005126953,28.434972763061523,21.980470657348633,24.507640838623047,24.789649963378906,24.29433822631836
k w ɑ1ː t ɪ f,6,data/daland_test.txt,26.770870208740234,28.596641540527344,25.846904754638672,27.37498664855957,31.163618087768555,25.249347686767578,26.586700439453125,26.582767486572266,27.027320861816406,30.945459365844727,25.56501007080078,26.848793029785156,32.05268096923828,30.182781219482422,25.582923889160156,26.680747985839844,30.977893829345703,31.07749366760254,31.965240478515625,28.40802764892578,28.020240783691406,27.54217529296875,26.068513870239258,24.643251419067383,28.4996337890625,27.102371215820312,28.167932510375977,27.238788604736328,28.824600219726562,24.12017250061035,27.095796585083008,25.697834014892578,28.127613067626953,24.855670928955078,26.299400329589844,29.55499839782715,29.85772132873535,29.442626953125,26.29396629333496,27.166223526000977,30.545040130615234,23.32632827758789,27.563129425048828,31.78977394104004,26.799436569213867,27.170175552368164,26.176319122314453,28.901344299316406,25.913951873779297,25.257280349731445
l m i1ː b ɪ d,6,data/daland_test.txt,29.8331298828125,29.73943328857422,29.575265884399414,26.7698917388916,33.81019973754883,26.610261917114258,28.281715393066406,29.005149841308594,27.51931381225586,27.390674591064453,30.022890090942383,27.87689208984375,27.427108764648438,28.666162490844727,26.728313446044922,25.993364334106445,28.98099708557129,30.032907485961914,28.00775146484375,33.31995391845703,31.454750061035156,24.263824462890625,26.157142639160156,26.188562393188477,37.48571014404297,26.943918228149414,27.824722290039062,31.152441024780273,33.22285079956055,24.65491485595703,36.219154357910156,29.704465866088867,32.345794677734375,28.118871688842773,32.29431915283203,36.35152053833008,32.01206970214844,25.5872802734375,31.198177337646484,30.824010848999023,34.75852584838867,21.7176570892334,30.95708656311035,31.392091751098633,39.10185623168945,29.965110778808594,24.567378997802734,25.958362579345703,30.486881256103516,28.214412689208984
l m ɑ1ː t ɪ f,6,data/daland_test.txt,34.17144012451172,32.91946792602539,32.65034866333008,31.91141128540039,36.116943359375,26.942020416259766,30.785266876220703,31.78512954711914,30.725479125976562,31.36749839782715,32.556854248046875,31.289310455322266,34.05706024169922,31.571250915527344,29.335548400878906,28.21463394165039,36.51276779174805,36.816795349121094,35.21683120727539,36.07650375366211,32.80035400390625,29.18911361694336,29.53915786743164,31.040306091308594,37.32152557373047,28.15982437133789,34.49021911621094,31.14078712463379,35.705745697021484,27.186838150024414,32.93525314331055,29.100238800048828,36.692874908447266,29.22154998779297,35.68478012084961,37.185096740722656,38.02578353881836,29.427261352539062,35.745201110839844,32.05482482910156,36.724666595458984,25.111652374267578,31.004465103149414,33.83335494995117,35.967586517333984,31.053640365600586,26.74593734741211,32.96305847167969,33.170841217041016,31.371719360351562
l n i1ː g ɪ f,6,data/daland_test.txt,27.554771423339844,34.96564483642578,27.277820587158203,30.881498336791992,38.195350646972656,29.404342651367188,30.737499237060547,31.664697647094727,30.409765243530273,33.7856330871582,32.63855743408203,32.20602798461914,29.57390594482422,34.04033660888672,30.309764862060547,28.24867820739746,33.63738250732422,32.936363220214844,35.43559265136719,34.378997802734375,29.79171371459961,28.073348999023438,27.936939239501953,29.809680938720703,37.32892608642578,32.1546745300293,34.997764587402344,31.620349884033203,30.40648651123047,27.51841163635254,38.929771423339844,30.057865142822266,38.58955764770508,30.167011260986328,36.0296630859375,37.947349548339844,40.15843963623047,29.5958309173584,31.57947540283203,33.328617095947266,34.48684310913086,24.98936653137207,30.748519897460938,33.62747573852539,39.564361572265625,33.705360412597656,30.28321647644043,33.049888610839844,29.364288330078125,34.55915832519531
l n ɛ1 z ɪ g,6,data/daland_test.txt,33.07264709472656,30.552234649658203,32.24040985107422,30.237319946289062,37.58177947998047,28.567359924316406,29.71137046813965,28.654726028442383,28.670799255371094,32.541168212890625,31.92253875732422,32.8759765625,30.244794845581055,30.340831756591797,30.904094696044922,27.382421493530273,29.594446182250977,31.84272575378418,32.78245544433594,31.014968872070312,27.99216079711914,27.664430618286133,26.91854476928711,25.252178192138672,32.895538330078125,29.55673599243164,34.35803985595703,32.58283233642578,31.97052764892578,26.836563110351562,35.12434768676758,28.90643882751465,36.19370651245117,30.171768188476562,31.839736938476562,34.951602935791016,34.969581604003906,29.126144409179688,31.719696044921875,28.051856994628906,31.509929656982422,26.297574996948242,27.948015213012695,32.729576110839844,37.91328430175781,29.711105346679688,28.401718139648438,30.760683059692383,29.393814086914062,34.07373046875
l t ɛ1 z ɪ g,6,data/daland_test.txt,32.89179229736328,33.569725036621094,28.840499877929688,29.723995208740234,33.60897445678711,28.796615600585938,31.823213577270508,30.237266540527344,30.337833404541016,30.539108276367188,32.847198486328125,33.46669006347656,28.533946990966797,28.904136657714844,30.78278350830078,26.104679107666016,28.73554229736328,34.254329681396484,35.450721740722656,30.92392921447754,31.09100341796875,30.697113037109375,31.8815860748291,27.30844497680664,34.804813385009766,29.33126449584961,32.56666564941406,34.598350524902344,33.04792022705078,26.67156219482422,30.101694107055664,30.211097717285156,33.22144317626953,29.35814666748047,33.89883041381836,33.79763412475586,36.109169006347656,28.74413299560547,28.825321197509766,29.990142822265625,27.817903518676758,27.342798233032227,28.547252655029297,33.011470794677734,36.81074523925781,30.632678985595703,27.19231414794922,31.894718170166016,33.804683685302734,31.586687088012695
l t ɑ1ː t ɪ f,6,data/daland_test.txt,32.240623474121094,33.075862884521484,28.593395233154297,30.029396057128906,32.69573211669922,24.899925231933594,29.38113021850586,28.209165573120117,29.798004150390625,28.61528778076172,28.183513641357422,31.458141326904297,28.213115692138672,28.504817962646484,28.737070083618164,25.43128204345703,30.913846969604492,35.83554458618164,33.58110809326172,30.120698928833008,30.02203369140625,26.69242286682129,28.504287719726562,28.752241134643555,33.69945526123047,31.292871475219727,32.66733169555664,31.574920654296875,33.90750503540039,26.680822372436523,32.17896270751953,29.271926879882812,30.24233055114746,27.978097915649414,33.944149017333984,38.63024139404297,34.87389373779297,27.98516082763672,28.413013458251953,30.531436920166016,29.454065322875977,25.298992156982422,25.654775619506836,31.122093200683594,32.54877471923828,29.27063751220703,26.09829330444336,31.146869659423828,36.564144134521484,28.246501922607422
m l ɛ1 p ɪ d,6,data/daland_test.txt,26.86550521850586,24.599071502685547,27.48688507080078,22.28520965576172,29.358951568603516,21.50302505493164,24.102542877197266,26.657516479492188,22.962907791137695,23.868099212646484,27.909500122070312,25.25999641418457,24.63811492919922,25.689468383789062,24.86221694946289,22.79552459716797,24.928268432617188,27.025733947753906,26.386051177978516,25.566682815551758,24.04364776611328,21.881736755371094,19.087005615234375,20.822772979736328,29.66753387451172,22.87421417236328,25.21236801147461,28.115917205810547,24.351001739501953,21.01263427734375,25.70040512084961,19.28079605102539,23.81459617614746,22.65690803527832,29.802417755126953,24.31391143798828,28.272228240966797,18.996713638305664,27.38296127319336,25.128498077392578,27.148799896240234,19.035980224609375,24.695423126220703,26.587459564208984,30.35287857055664,26.044952392578125,21.161327362060547,23.329593658447266,25.643077850341797,28.139488220214844
m l ɑ1ː s ɪ p,6,data/daland_test.txt,27.657623291015625,25.94732666015625,21.024364471435547,27.010906219482422,28.562423706054688,24.078155517578125,23.878707885742188,24.606468200683594,23.424196243286133,24.47968101501465,27.285354614257812,26.793228149414062,23.148895263671875,26.893295288085938,23.569578170776367,20.963899612426758,27.818313598632812,28.755905151367188,26.087387084960938,25.607059478759766,26.691333770751953,23.50324249267578,22.14656639099121,21.41263771057129,29.796979904174805,23.021194458007812,24.05188751220703,26.60821533203125,28.249282836914062,22.904176712036133,27.935150146484375,23.41653060913086,27.064599990844727,26.360279083251953,29.539562225341797,26.435781478881836,26.958972930908203,22.096153259277344,24.02606201171875,24.869361877441406,27.043773651123047,20.407794952392578,26.335575103759766,29.189842224121094,27.890249252319336,27.434694290161133,22.20938491821289,26.765487670898438,29.617630004882812,26.712976455688477
m ɹ i1ː g ɪ f,6,data/daland_test.txt,37.19283676147461,32.29695129394531,32.9974365234375,33.365631103515625,37.27458572387695,31.698257446289062,31.299089431762695,34.945831298828125,34.821807861328125,35.42206573486328,35.29417037963867,35.37616729736328,35.85759735107422,35.824066162109375,36.24705505371094,30.633434295654297,34.33236312866211,35.65500259399414,37.790283203125,35.94587326049805,34.77995300292969,31.628490447998047,34.14500427246094,28.92791748046875,36.182125091552734,32.84482955932617,37.356300354003906,29.899892807006836,37.64967346191406,27.474811553955078,35.28963088989258,30.179288864135742,39.23125457763672,31.735427856445312,34.853248596191406,37.11737060546875,35.64854431152344,33.32795715332031,34.597835540771484,35.05014419555664,38.887908935546875,26.52695083618164,35.351959228515625,32.28211212158203,32.677791595458984,34.302391052246094,33.31771469116211,29.308303833007812,35.2547492980957,37.31316375732422
m ɹ ɑ1ː t ɪ f,6,data/daland_test.txt,36.17041015625,35.385581970214844,36.176673889160156,31.999481201171875,39.8443603515625,28.800434112548828,30.09559440612793,32.348838806152344,31.59122085571289,35.26556396484375,32.31427001953125,35.593597412109375,33.989593505859375,32.08458709716797,33.012718200683594,34.63813400268555,35.93930435180664,38.73505783081055,37.14706802368164,35.70258712768555,34.31135940551758,28.37519073486328,27.581064224243164,29.69426155090332,34.4293327331543,31.75998306274414,31.010543823242188,32.78529357910156,33.414390563964844,26.570697784423828,35.04723358154297,30.34210777282715,34.855411529541016,29.493032455444336,33.26560974121094,40.36372375488281,34.76564407348633,29.169918060302734,34.62409210205078,32.58854293823242,36.090171813964844,25.291797637939453,31.177154541015625,37.464019775390625,34.03418731689453,32.89468765258789,28.214317321777344,28.991426467895508,33.713993072509766,34.11442184448242
n l i1ː b ɪ d,6,data/daland_test.txt,26.441373825073242,30.559310913085938,27.57132339477539,24.64944839477539,32.1338996887207,26.205677032470703,26.422618865966797,30.422252655029297,25.06153678894043,23.800254821777344,29.083457946777344,29.028656005859375,26.585834503173828,29.351909637451172,26.300384521484375,23.52695083618164,28.55025863647461,30.002090454101562,26.389450073242188,28.2055606842041,30.121925354003906,22.779197692871094,23.882492065429688,22.577651977539062,32.338417053222656,23.764007568359375,24.328372955322266,23.93790054321289,29.416669845581055,24.43954086303711,27.18140983581543,25.337661743164062,26.451961517333984,26.362159729003906,27.590635299682617,30.45207977294922,30.13141632080078,23.101951599121094,26.899887084960938,28.707054138183594,27.321510314941406,18.615478515625,24.267818450927734,29.062108993530273,33.82277297973633,26.432392120361328,23.362754821777344,27.100521087646484,29.47411346435547,24.963966369628906
n l ɛ1 z ɪ g,6,data/daland_test.txt,34.13202667236328,32.903865814208984,30.747657775878906,28.790626525878906,41.011505126953125,31.588863372802734,28.293472290039062,31.502073287963867,28.752269744873047,30.078948974609375,29.514284133911133,31.18328094482422,32.46608352661133,33.94411849975586,31.514320373535156,26.187753677368164,30.99717140197754,34.46914291381836,31.444475173950195,31.23875617980957,30.313282012939453,28.739221572875977,29.26595687866211,24.298524856567383,32.12642288208008,27.251705169677734,30.592016220092773,28.797380447387695,32.131141662597656,27.879613876342773,29.260501861572266,24.860170364379883,31.881914138793945,26.031875610351562,31.35436248779297,33.10129165649414,29.40084457397461,28.563432693481445,28.666160583496094,31.66598129272461,28.06637954711914,25.480627059936523,26.763383865356445,33.77586364746094,36.23621368408203,28.06599998474121,27.060029983520508,30.37698745727539,29.4559326171875,32.43572998046875
p k i1ː b ɪ d,6,data/daland_test.txt,32.51612091064453,33.93744659423828,33.897064208984375,29.541385650634766,31.710773468017578,35.03093338012695,30.215633392333984,29.79214859008789,34.301876068115234,33.373104095458984,34.82664108276367,35.449180603027344,39.184608459472656,31.992202758789062,29.564990997314453,29.413009643554688,31.987964630126953,31.65414810180664,34.00250244140625,34.41301727294922,34.50035858154297,34.15557861328125,30.930965423583984,29.175315856933594,38.793663024902344,32.72736358642578,32.958892822265625,34.09756851196289,32.062828063964844,29.66132354736328,33.04512405395508,31.652189254760742,30.42740249633789,33.7416877746582,31.956527709960938,34.17832946777344,37.24055480957031,29.930313110351562,33.083213806152344,31.839031219482422,31.47460174560547,26.054067611694336,31.241762161254883,34.95123291015625,35.10713577270508,36.339969635009766,31.426067352294922,29.127628326416016,34.74778747558594,29.15367889404297
p k ɑ1ː s ɪ p,6,data/daland_test.txt,28.63030433654785,30.12403106689453,31.854631423950195,29.02928924560547,28.9296932220459,30.382518768310547,28.936187744140625,25.709440231323242,30.42755126953125,28.668048858642578,31.60784339904785,30.95708465576172,34.302120208740234,28.388200759887695,27.489660263061523,26.67618751525879,29.064876556396484,27.674846649169922,32.99833297729492,29.95363998413086,32.422393798828125,29.218671798706055,29.93436050415039,25.757234573364258,31.372421264648438,29.115646362304688,29.88005828857422,29.968210220336914,29.273006439208984,30.18380355834961,28.361961364746094,30.26761817932129,27.798494338989258,29.226943969726562,35.04667282104492,31.87653160095215,30.394681930541992,26.817991256713867,29.122766494750977,31.164581298828125,30.32686424255371,25.635339736938477,28.350994110107422,32.56614303588867,28.961225509643555,29.358299255371094,27.000890731811523,28.84026336669922,33.099063873291016,27.16793441772461
p l ɛ1 p ɪ d,6,data/daland_test.txt,22.239330291748047,20.96092987060547,22.85165023803711,18.85984230041504,24.603364944458008,23.201229095458984,21.461441040039062,22.030109405517578,21.87387466430664,23.805639266967773,20.846145629882812,22.87460708618164,24.979084014892578,23.950294494628906,22.65157699584961,19.626853942871094,21.030975341796875,22.86147689819336,26.143932342529297,22.34918975830078,23.308351516723633,23.31527328491211,22.446735382080078,19.325454711914062,23.071224212646484,17.033336639404297,22.482589721679688,22.836284637451172,20.72557830810547,17.54781723022461,22.423608779907227,16.81117057800293,21.07453155517578,19.06869125366211,23.882949829101562,22.18260955810547,23.584671020507812,17.860130310058594,24.134408950805664,23.26216697692871,24.772342681884766,15.967912673950195,20.30459213256836,19.3719482421875,21.89339828491211,21.04329490661621,24.595134735107422,20.75567626953125,25.975101470947266,21.897167205810547
p l ɑ1ː s ɪ p,6,data/daland_test.txt,23.16368293762207,23.488676071166992,20.705448150634766,23.5677433013916,26.01773452758789,24.40312957763672,23.27448844909668,20.906009674072266,23.53740692138672,22.849594116210938,21.73282814025879,22.352310180664062,23.6123046875,22.983566284179688,21.387680053710938,17.534849166870117,24.927509307861328,22.396839141845703,23.839645385742188,22.266277313232422,23.695579528808594,23.040538787841797,20.140949249267578,19.342971801757812,21.505922317504883,19.085601806640625,21.828723907470703,23.068008422851562,21.139877319335938,19.805267333984375,21.51104164123535,21.944425582885742,20.52829933166504,21.82440948486328,23.98775863647461,25.39759063720703,24.21766471862793,18.563138961791992,21.634811401367188,24.881683349609375,25.254390716552734,16.956859588623047,19.838394165039062,24.59679412841797,23.25558853149414,22.644546508789062,21.44758415222168,22.252464294433594,24.929399490356445,19.741119384765625
p ɹ ɛ1 z ɪ g,6,data/daland_test.txt,27.623741149902344,27.10913848876953,21.453811645507812,25.79524803161621,31.937564849853516,26.81761360168457,27.53265380859375,25.596057891845703,27.95335578918457,24.847368240356445,26.36197280883789,26.223026275634766,25.862165451049805,26.447978973388672,29.64505958557129,24.180213928222656,23.40654754638672,26.10224723815918,29.813812255859375,26.44019889831543,25.15682601928711,23.323318481445312,23.561071395874023,22.925159454345703,23.222274780273438,24.082836151123047,25.20135498046875,26.615020751953125,27.68166732788086,19.421138763427734,22.346134185791016,20.441219329833984,24.611248016357422,22.90496253967285,28.79092025756836,27.15230941772461,27.626529693603516,22.801429748535156,27.22609519958496,26.548526763916016,28.241199493408203,21.906150817871094,24.137802124023438,24.56946563720703,25.662796020507812,23.704551696777344,24.73599624633789,22.908424377441406,30.738840103149414,28.48737335205078
p ɹ ɑ1ː t ɪ f,6,data/daland_test.txt,32.66658020019531,32.9075927734375,30.333526611328125,30.69407844543457,32.68646240234375,30.014020919799805,32.86090087890625,31.656509399414062,31.9765625,31.21817970275879,28.3636474609375,31.362224578857422,36.00653076171875,30.970365524291992,33.939388275146484,31.14078140258789,32.46720504760742,32.78337097167969,32.56401824951172,33.37493133544922,30.763633728027344,32.22746658325195,28.810861587524414,28.2916316986084,27.957096099853516,29.327987670898438,27.544532775878906,28.301860809326172,32.777610778808594,23.4121150970459,27.69560432434082,26.316165924072266,28.255260467529297,29.288043975830078,28.847673416137695,33.262874603271484,34.44773483276367,28.953149795532227,30.269655227661133,30.803325653076172,33.86845397949219,24.82087516784668,25.321842193603516,32.30295181274414,28.763164520263672,27.963050842285156,25.724451065063477,29.65111541748047,29.605487823486328,26.75849151611328
p w i1ː g ɪ f,6,data/daland_test.txt,35.51243591308594,37.582271575927734,34.60689163208008,33.751731872558594,43.7079963684082,36.534423828125,36.55348587036133,35.76378631591797,36.59615707397461,35.45095443725586,35.475467681884766,36.37285614013672,37.7124137878418,42.42559814453125,38.936119079589844,32.079017639160156,37.60413360595703,37.095680236816406,37.239959716796875,33.943511962890625,38.18396759033203,36.19820022583008,36.088687896728516,32.652565002441406,38.71628952026367,40.17578887939453,40.39065170288086,32.85005569458008,40.30677032470703,32.160438537597656,34.47902297973633,33.809776306152344,36.76865768432617,34.27245330810547,39.32838439941406,38.00737380981445,39.36644744873047,33.713531494140625,37.62883377075195,38.528160095214844,38.20629119873047,29.231689453125,35.87895965576172,36.1354866027832,36.955810546875,38.90156555175781,31.945743560791016,34.62697219848633,35.493595123291016,34.44898986816406
p w ɛ1 z ɪ g,6,data/daland_test.txt,33.42706298828125,35.93654251098633,33.293209075927734,33.37129211425781,37.29249572753906,33.30641174316406,32.414913177490234,34.05628967285156,33.164188385009766,32.65702819824219,36.33562469482422,35.67673110961914,33.663482666015625,35.2648811340332,34.12962341308594,32.925926208496094,32.076778411865234,34.28618621826172,35.92091369628906,32.15298080444336,32.78129959106445,29.647743225097656,34.23244857788086,29.171953201293945,33.64863967895508,35.599876403808594,34.67681121826172,31.135482788085938,37.01722717285156,30.994380950927734,30.380023956298828,28.036388397216797,34.71825408935547,30.539501190185547,33.848365783691406,30.225725173950195,36.50340270996094,28.57802963256836,32.15043640136719,36.819759368896484,35.44527816772461,27.889432907104492,31.698484420776367,35.28008270263672,38.040252685546875,35.51564025878906,31.730392456054688,32.743865966796875,37.790367126464844,34.391319274902344
ɹ d i1ː g ɪ f,6,data/daland_test.txt,35.02311706542969,37.696800231933594,29.65317153930664,33.89362335205078,37.16596603393555,32.212284088134766,34.037601470947266,34.522064208984375,36.28346252441406,35.99964904785156,37.02057647705078,39.11479568481445,35.062408447265625,36.45498275756836,34.135929107666016,33.531959533691406,33.25233840942383,39.27286148071289,39.24637222290039,37.04417419433594,35.67145538330078,34.6692008972168,33.49330520629883,30.111547470092773,41.37320327758789,37.43907928466797,39.27679443359375,31.539737701416016,37.587677001953125,30.99996566772461,38.001564025878906,32.24253845214844,35.2906379699707,34.32358169555664,38.5356559753418,35.69586181640625,41.905364990234375,35.73348617553711,33.25409698486328,36.790340423583984,34.98747253417969,29.602771759033203,33.25687026977539,35.883522033691406,33.701236724853516,35.52178192138672,32.37770080566406,34.040767669677734,33.061649322509766,34.009803771972656
ɹ d ɑ1ː s ɪ p,6,data/daland_test.txt,31.634241104125977,31.79635238647461,29.825626373291016,35.219783782958984,34.01240539550781,26.596385955810547,30.865766525268555,27.926048278808594,33.75837707519531,30.555803298950195,33.888065338134766,36.885711669921875,27.889808654785156,27.5108642578125,32.09382629394531,30.841712951660156,30.016193389892578,34.26817321777344,34.978904724121094,31.634740829467773,28.640783309936523,27.161359786987305,27.428403854370117,25.27033805847168,36.07689666748047,31.938661575317383,33.9219970703125,28.414813995361328,30.169862747192383,31.476348876953125,31.911949157714844,31.24083709716797,32.65188980102539,30.693260192871094,40.27092361450195,36.40093231201172,30.972312927246094,27.067163467407227,31.36513900756836,31.962064743041992,31.0896053314209,23.245140075683594,28.12795639038086,33.65016555786133,32.059879302978516,32.52405548095703,26.78075408935547,31.636695861816406,32.63499450683594,30.442970275878906
ɹ g i1ː b ɪ d,6,data/daland_test.txt,31.77178192138672,34.62944793701172,32.73823165893555,32.221405029296875,35.179534912109375,29.4317626953125,32.54322814941406,33.10707092285156,30.93377685546875,32.411354064941406,31.263851165771484,36.9254264831543,32.54472351074219,32.37858963012695,33.57689666748047,32.681968688964844,29.137622833251953,33.472660064697266,35.5773811340332,35.880271911621094,33.630348205566406,30.17373275756836,30.51676368713379,28.125978469848633,36.20493698120117,32.885982513427734,32.05780792236328,33.45985794067383,37.01525115966797,29.028125762939453,34.49921798706055,30.79820442199707,34.06367492675781,33.765098571777344,35.787750244140625,34.56813430786133,34.244056701660156,31.752758026123047,33.81697082519531,34.97393035888672,37.69923400878906,25.021915435791016,31.834911346435547,33.753875732421875,36.086822509765625,32.91885757446289,26.923892974853516,32.46308898925781,33.40291213989258,32.34224319458008
ɹ g ɛ1 p ɪ d,6,data/daland_test.txt,30.62262535095215,34.14548110961914,34.741790771484375,30.740732192993164,30.45274543762207,29.068851470947266,31.672199249267578,31.90543556213379,31.501361846923828,31.724393844604492,30.587757110595703,35.49478530883789,34.104705810546875,32.62158203125,28.87320899963379,30.611616134643555,29.0738468170166,35.818031311035156,35.42795944213867,33.19636535644531,31.288471221923828,31.108306884765625,29.49771499633789,29.062942504882812,34.56787109375,27.487728118896484,34.501338958740234,29.554759979248047,28.752492904663086,28.907634735107422,36.46830749511719,31.228797912597656,32.772369384765625,30.48229217529297,34.16827392578125,31.724102020263672,29.75202178955078,29.690109252929688,32.603790283203125,32.00761032104492,33.11656188964844,25.84024429321289,30.409914016723633,32.711490631103516,36.21990966796875,29.627941131591797,24.83864974975586,25.63271141052246,32.083045959472656,31.950241088867188
ɹ l i1ː g ɪ f,6,data/daland_test.txt,35.708133697509766,36.4625129699707,31.102806091308594,35.936885833740234,38.854286193847656,31.80059242248535,33.117584228515625,34.81194305419922,36.36478042602539,34.8324089050293,34.27827835083008,34.01579666137695,35.75885009765625,39.118003845214844,35.13148880004883,30.906309127807617,34.345489501953125,37.13665008544922,39.55615234375,34.901153564453125,36.44287109375,36.21583938598633,32.60906219482422,27.677261352539062,37.60969924926758,32.99053192138672,35.94115447998047,33.70771026611328,35.51363754272461,30.215850830078125,37.38846969604492,29.446392059326172,33.52008819580078,29.893993377685547,41.8648796081543,36.21441650390625,37.37271499633789,30.83779525756836,34.85330581665039,38.05836486816406,34.7520751953125,27.41744613647461,33.841651916503906,33.2692985534668,38.98244857788086,37.093727111816406,29.801795959472656,33.945133209228516,34.0080451965332,36.33562469482422
ɹ l ɛ1 z ɪ g,6,data/daland_test.txt,35.26021957397461,33.96894836425781,31.119728088378906,30.052066802978516,39.58954620361328,30.906368255615234,29.098712921142578,29.536352157592773,35.48248291015625,32.2579460144043,32.44820022583008,35.16429901123047,30.585956573486328,32.26360321044922,33.038902282714844,28.949581146240234,31.494524002075195,33.803688049316406,35.76565933227539,30.955303192138672,30.677032470703125,29.37692642211914,25.946842193603516,26.581581115722656,30.198333740234375,29.449254989624023,34.11414337158203,32.26380920410156,36.950965881347656,26.39406967163086,29.52522850036621,28.30459976196289,32.07520294189453,26.00775718688965,37.0801887512207,34.11655807495117,32.12607955932617,27.91033172607422,29.8596248626709,31.761852264404297,30.73603057861328,27.48192024230957,28.677993774414062,31.65984344482422,38.09976577758789,30.845369338989258,26.20785903930664,31.03351593017578,30.810340881347656,34.64692306518555
ɹ n ɛ1 p ɪ d,6,data/daland_test.txt,26.61471939086914,27.819225311279297,30.331470489501953,26.31995964050293,27.39492416381836,28.34336280822754,30.052005767822266,27.698837280273438,26.310211181640625,30.26846694946289,29.65664291381836,34.2013053894043,29.59392738342285,32.22453308105469,28.869094848632812,25.80896759033203,28.572586059570312,30.840492248535156,33.773677825927734,28.673398971557617,31.275381088256836,28.808759689331055,26.277786254882812,21.47451400756836,28.73996353149414,25.45977210998535,27.6033992767334,22.759323120117188,27.927940368652344,24.36944007873535,30.039230346679688,25.042003631591797,30.86001968383789,26.307994842529297,30.90869140625,31.241127014160156,27.562305450439453,26.6734676361084,26.413026809692383,27.885042190551758,27.340816497802734,21.126422882080078,24.228187561035156,29.273406982421875,31.670108795166016,26.990966796875,22.30060577392578,25.76213836669922,27.923070907592773,27.161701202392578
ɹ n ɑ1ː s ɪ p,6,data/daland_test.txt,29.733810424804688,30.575796127319336,30.11988067626953,34.404510498046875,36.86116409301758,29.79831886291504,33.049007415771484,31.97507667541504,31.338930130004883,30.82719612121582,31.437599182128906,34.90321350097656,30.877994537353516,31.31940269470215,30.317737579345703,26.29362678527832,32.75831985473633,34.72298049926758,34.24295425415039,32.94965362548828,33.066707611083984,30.766721725463867,27.746580123901367,24.587770462036133,32.21739959716797,27.285770416259766,34.585697174072266,31.288028717041016,33.39165115356445,29.69052505493164,33.118045806884766,32.12494659423828,32.871124267578125,28.84622573852539,39.8374137878418,35.95771789550781,31.10394287109375,27.77471923828125,27.74995231628418,30.78141212463379,36.31275939941406,24.48400115966797,28.190000534057617,33.083831787109375,33.20101547241211,31.625675201416016,23.19533348083496,28.22582244873047,32.063011169433594,31.953752517700195
ʃ l i1ː b ɪ d,6,data/daland_test.txt,28.971721649169922,27.534671783447266,22.102510452270508,24.00016212463379,29.257190704345703,26.921875,26.760780334472656,23.574119567871094,24.286252975463867,27.216575622558594,22.888427734375,26.788164138793945,23.443817138671875,27.181184768676758,25.45976448059082,25.214027404785156,24.368465423583984,23.268287658691406,27.556739807128906,23.27696990966797,27.78445816040039,25.78083610534668,23.495399475097656,20.07968521118164,26.500263214111328,24.057788848876953,26.561771392822266,27.24108123779297,26.750919342041016,21.624292373657227,26.073835372924805,24.909290313720703,24.935832977294922,26.57347869873047,25.953380584716797,26.553905487060547,28.06374740600586,23.750566482543945,26.410367965698242,23.850791931152344,26.715972900390625,19.416418075561523,22.576034545898438,24.79576301574707,30.055309295654297,27.67560577392578,22.604251861572266,26.30302619934082,25.633060455322266,21.288372039794922
ʃ l ɛ1 z ɪ g,6,data/daland_test.txt,33.11068344116211,33.376312255859375,28.62850570678711,26.54456329345703,33.95557403564453,31.298917770385742,28.254955291748047,29.858051300048828,28.937217712402344,34.77949523925781,30.659500122070312,30.887454986572266,28.34364128112793,29.862592697143555,27.251327514648438,28.292768478393555,30.51481056213379,32.48542404174805,30.96200180053711,27.014867782592773,28.862728118896484,30.14067840576172,27.863506317138672,24.12039566040039,29.745071411132812,24.746553421020508,28.480396270751953,33.61402130126953,26.941303253173828,23.102113723754883,26.110553741455078,25.69281005859375,31.235942840576172,27.113849639892578,31.114408493041992,29.39392852783203,29.77056121826172,28.685985565185547,31.192203521728516,28.282609939575195,31.344362258911133,29.21097755432129,27.34041976928711,30.87106704711914,35.56444549560547,29.324359893798828,26.42314338684082,30.886140823364258,29.946651458740234,31.323104858398438
ʃ m i1ː g ɪ f,6,data/daland_test.txt,35.59006881713867,34.38008499145508,32.854331970214844,35.77332305908203,37.46640396118164,35.183834075927734,40.26068878173828,38.15800094604492,38.979034423828125,38.58668899536133,38.80217742919922,37.019351959228516,38.056400299072266,41.599853515625,37.63948059082031,34.190731048583984,36.1986083984375,38.35506820678711,38.156978607177734,41.520503997802734,37.3985595703125,36.39478302001953,37.82727813720703,32.19541931152344,40.842952728271484,38.063385009765625,34.60612487792969,35.788875579833984,38.85498809814453,32.760196685791016,37.94730758666992,32.78003692626953,41.45871353149414,38.01621627807617,37.69647979736328,40.5299072265625,40.83204650878906,37.872188568115234,38.96324157714844,36.026832580566406,37.71179962158203,31.391387939453125,36.376487731933594,34.59235763549805,37.637393951416016,39.32160186767578,35.242149353027344,30.091476440429688,36.67973327636719,36.38920211791992
ʃ m ɑ1ː t ɪ f,6,data/daland_test.txt,28.13479232788086,28.574806213378906,31.33562660217285,31.773666381835938,33.48101043701172,27.612831115722656,28.493030548095703,30.21961212158203,29.965240478515625,33.00510787963867,28.76900863647461,32.51276397705078,33.25788116455078,35.11026382446289,27.923118591308594,31.666412353515625,34.778602600097656,34.178855895996094,34.32798767089844,32.43137741088867,31.865093231201172,27.851531982421875,30.278053283691406,29.012046813964844,33.287315368652344,33.03502655029297,31.213340759277344,31.720827102661133,34.32778549194336,29.464069366455078,29.5003662109375,27.99576187133789,34.92247772216797,30.097442626953125,37.411529541015625,34.415138244628906,32.91070556640625,32.967674255371094,35.948970794677734,32.812686920166016,32.37527847290039,28.2314453125,30.079885482788086,29.8992919921875,31.03363037109375,31.847272872924805,29.541879653930664,27.878753662109375,35.06315994262695,30.689924240112305
ʃ n i1ː g ɪ f,6,data/daland_test.txt,30.941200256347656,34.276302337646484,31.634090423583984,34.46503829956055,36.558101654052734,30.51197624206543,34.59479522705078,30.181964874267578,35.84650421142578,34.647117614746094,33.395469665527344,35.837059020996094,31.061992645263672,38.3944206237793,31.52318572998047,29.517105102539062,34.37818908691406,33.07342529296875,34.664024353027344,32.72987365722656,34.44474792480469,32.838653564453125,31.69525718688965,28.690744400024414,33.046756744384766,36.03052520751953,32.82148742675781,31.85548210144043,35.113929748535156,32.96955108642578,34.40541458129883,33.43650817871094,35.45793914794922,30.766040802001953,33.402767181396484,37.7483024597168,40.26864242553711,34.206356048583984,35.427242279052734,33.433162689208984,33.44561767578125,30.26296615600586,32.965850830078125,33.80207824707031,38.35969543457031,36.533897399902344,32.27875518798828,30.573043823242188,32.25055694580078,33.15910339355469
ʃ n ɛ1 p ɪ d,6,data/daland_test.txt,26.226844787597656,22.458271026611328,28.614702224731445,24.24752426147461,24.78226089477539,25.238359451293945,25.421829223632812,24.879352569580078,27.329818725585938,26.46002769470215,27.65389633178711,29.310077667236328,25.014436721801758,26.768238067626953,22.438457489013672,23.325729370117188,24.87781524658203,26.719017028808594,28.29896354675293,22.990720748901367,26.127735137939453,22.714488983154297,23.180641174316406,20.43575668334961,25.01342010498047,22.68903160095215,23.181541442871094,27.086084365844727,26.53449249267578,23.992115020751953,27.184986114501953,27.302135467529297,29.26715087890625,23.508041381835938,23.55636978149414,28.71440315246582,28.145851135253906,24.751079559326172,27.794170379638672,26.098262786865234,28.762313842773438,22.160232543945312,26.231216430664062,27.437416076660156,34.03485870361328,25.957382202148438,23.875099182128906,24.214418411254883,30.449018478393555,26.14746856689453
ʃ ɹ i1ː b ɪ d,6,data/daland_test.txt,24.85950469970703,21.561866760253906,24.99933624267578,22.962677001953125,28.695722579956055,26.727062225341797,24.515939712524414,23.334041595458984,28.191516876220703,26.482555389404297,24.595121383666992,23.861845016479492,25.21957015991211,28.1820068359375,22.89553451538086,22.267425537109375,27.241485595703125,25.287479400634766,26.8797607421875,25.567676544189453,29.713226318359375,26.427989959716797,22.894123077392578,21.606666564941406,27.549819946289062,22.030941009521484,22.95157814025879,23.767410278320312,26.706384658813477,20.65805435180664,22.816650390625,22.522716522216797,27.031944274902344,24.080726623535156,27.11223793029785,26.70917320251465,26.217769622802734,26.413414001464844,29.310155868530273,25.13795280456543,24.483299255371094,19.948244094848633,24.92306137084961,24.443012237548828,27.100292205810547,27.503446578979492,20.359041213989258,24.34817886352539,25.932491302490234,23.17782974243164
ʃ ɹ ɛ1 p ɪ d,6,data/daland_test.txt,21.993389129638672,20.2281551361084,25.590299606323242,22.591602325439453,23.160686492919922,25.16925621032715,22.470260620117188,20.44795799255371,26.906757354736328,26.198001861572266,24.988481521606445,24.44882583618164,23.761125564575195,26.795963287353516,21.32727813720703,22.155685424804688,24.089984893798828,26.626609802246094,25.730754852294922,22.652843475341797,23.706378936767578,26.17816925048828,21.42782211303711,22.482582092285156,24.358545303344727,20.266326904296875,20.825626373291016,23.595884323120117,23.93394660949707,21.403404235839844,25.79644012451172,22.039867401123047,28.107559204101562,20.510257720947266,26.668949127197266,25.09004020690918,23.930309295654297,25.020797729492188,24.646896362304688,23.895143508911133,26.10487174987793,21.543848037719727,25.43498992919922,23.060867309570312,27.120546340942383,25.752504348754883,21.90123748779297,18.673744201660156,25.20935821533203,24.192310333251953
ʃ w ɛ1 p ɪ d,6,data/daland_test.txt,27.869163513183594,26.789012908935547,32.05021286010742,25.89179229736328,31.760513305664062,28.546646118164062,25.51319122314453,28.07305145263672,28.272581100463867,28.680782318115234,28.51422119140625,28.48937225341797,29.61663818359375,29.658130645751953,25.63072967529297,26.131607055664062,29.584489822387695,32.840179443359375,32.18284606933594,27.258562088012695,28.80156707763672,33.769004821777344,26.337947845458984,24.049901962280273,27.87319564819336,25.530014038085938,26.155376434326172,28.023517608642578,28.26007652282715,24.81694793701172,30.830467224121094,25.84600257873535,29.61200714111328,29.55556869506836,28.962596893310547,29.45700454711914,32.88455581665039,28.676254272460938,31.73046112060547,30.36642837524414,31.456775665283203,28.13921356201172,28.694190979003906,31.056888580322266,34.90190505981445,27.830629348754883,23.67611312866211,29.939403533935547,29.90595245361328,30.723251342773438
ʃ w ɑ1ː s ɪ p,6,data/daland_test.txt,31.241661071777344,32.59391403198242,27.901912689208984,28.597301483154297,33.951290130615234,28.746801376342773,26.890140533447266,30.717575073242188,30.993370056152344,33.138885498046875,30.822757720947266,31.532087326049805,34.23391342163086,29.296266555786133,30.240354537963867,27.272907257080078,35.397708892822266,40.417152404785156,37.418792724609375,30.248863220214844,33.0586051940918,36.94910430908203,29.617565155029297,26.847265243530273,29.193359375,30.197036743164062,29.07431411743164,30.344619750976562,36.218955993652344,29.57332420349121,34.40841293334961,30.10875701904297,30.351993560791016,34.77629852294922,36.14993667602539,33.19563674926758,36.31132888793945,32.884254455566406,37.185096740722656,36.81745529174805,33.6328125,28.496110916137695,32.12329864501953,33.51450729370117,35.990108489990234,35.0720100402832,28.290359497070312,35.61018753051758,34.78750228881836,34.370445251464844
s m i1ː b ɪ d,6,data/daland_test.txt,25.49791717529297,25.55768585205078,25.621694564819336,25.776268005371094,32.55211639404297,26.97402572631836,27.54186248779297,25.68716812133789,28.36909294128418,25.206939697265625,24.94768714904785,26.381664276123047,25.970001220703125,29.370817184448242,24.32482147216797,24.96980094909668,24.123390197753906,31.82311248779297,27.688425064086914,27.20964813232422,33.52326202392578,27.478784561157227,25.476091384887695,21.320850372314453,30.465381622314453,24.886425018310547,28.225126266479492,30.030900955200195,25.768611907958984,21.121803283691406,28.176246643066406,25.909404754638672,29.598217010498047,25.798233032226562,26.916767120361328,30.494783401489258,27.672616958618164,27.60871124267578,29.600494384765625,30.206226348876953,31.67729377746582,20.63530731201172,29.853271484375,29.274761199951172,32.019317626953125,28.77963638305664,24.70035743713379,22.912132263183594,25.731231689453125,26.711620330810547
s m ɑ1ː t ɪ f,6,data/daland_test.txt,24.234970092773438,24.881031036376953,22.411760330200195,23.186397552490234,25.71868133544922,24.47041130065918,22.493122100830078,22.814605712890625,25.40164566040039,26.732084274291992,24.962299346923828,24.714174270629883,26.563491821289062,22.850650787353516,21.933605194091797,25.805986404418945,27.925796508789062,27.698274612426758,27.5875186920166,25.69519805908203,26.979450225830078,23.19999122619629,21.061737060546875,23.79153823852539,26.668609619140625,22.064626693725586,23.809276580810547,24.02889633178711,23.328536987304688,21.790889739990234,25.411239624023438,23.847888946533203,27.097673416137695,22.200645446777344,25.759326934814453,26.941814422607422,27.003864288330078,28.685129165649414,27.72470474243164,26.91004180908203,27.155853271484375,22.640798568725586,25.99534797668457,24.07624053955078,23.38530731201172,24.990131378173828,28.248882293701172,21.68804168701172,22.586427688598633,26.577062606811523
s n i1ː g ɪ f,6,data/daland_test.txt,25.56087875366211,29.671789169311523,24.275917053222656,26.699249267578125,34.89671325683594,30.656253814697266,27.747268676757812,24.046836853027344,28.685827255249023,29.559986114501953,25.644392013549805,26.967708587646484,24.567609786987305,28.249778747558594,25.2509765625,25.522104263305664,26.85130500793457,30.11614990234375,26.851993560791016,25.860204696655273,27.27587890625,25.023162841796875,25.327659606933594,22.848182678222656,29.24447250366211,25.007301330566406,25.77039909362793,24.141340255737305,27.562707901000977,25.877681732177734,29.11368751525879,25.311813354492188,29.79301643371582,22.847700119018555,26.900856018066406,27.727439880371094,31.81526756286621,26.884082794189453,26.08354377746582,30.368656158447266,23.912357330322266,21.67497444152832,28.919116973876953,28.687654495239258,29.484304428100586,29.942604064941406,29.532032012939453,26.774486541748047,25.947956085205078,30.53435516357422
s n ɑ1ː s ɪ p,6,data/daland_test.txt,22.938444137573242,23.38941764831543,24.095508575439453,27.266109466552734,28.836490631103516,27.229202270507812,23.776763916015625,22.791278839111328,25.413040161132812,22.1622257232666,25.262203216552734,25.57894515991211,22.513582229614258,25.870418548583984,19.30364227294922,20.373788833618164,26.716678619384766,26.07390594482422,25.363597869873047,23.746706008911133,27.80143165588379,22.00886344909668,25.306930541992188,17.764877319335938,24.48392105102539,22.56475067138672,22.56882095336914,23.272132873535156,24.50506591796875,22.915935516357422,27.323789596557617,24.388673782348633,25.47711753845215,22.43014144897461,26.227781295776367,26.602113723754883,25.011655807495117,19.71961212158203,24.98664093017578,25.970664978027344,24.165042877197266,16.54827880859375,25.26010513305664,27.748449325561523,24.967533111572266,26.496206283569336,24.280765533447266,23.23363494873047,26.97638511657715,27.375661849975586
s w i1ː g ɪ f,6,data/daland_test.txt,29.867353439331055,29.01631736755371,28.590190887451172,28.25718116760254,34.167076110839844,29.585723876953125,27.854372024536133,29.81768226623535,31.883098602294922,30.343608856201172,28.759090423583984,27.284137725830078,28.41619873046875,35.61404037475586,30.02466583251953,27.246623992919922,31.53363609313965,34.323734283447266,30.574298858642578,28.072174072265625,30.9859676361084,30.096511840820312,26.29953956604004,26.5589599609375,31.877391815185547,31.739482879638672,31.246143341064453,27.930635452270508,32.435760498046875,25.95968246459961,27.865095138549805,27.207752227783203,34.22261047363281,28.936864852905273,30.82571792602539,29.210205078125,31.41626739501953,32.619781494140625,31.844867706298828,35.018821716308594,30.072134017944336,25.052303314208984,30.14392852783203,26.296098709106445,31.174922943115234,35.955970764160156,29.398893356323242,30.20075225830078,25.468250274658203,32.79111862182617
s w ɛ1 z ɪ g,6,data/daland_test.txt,28.745004653930664,30.06419563293457,29.81145477294922,30.043682098388672,29.97347068786621,30.421966552734375,26.09839630126953,32.863502502441406,26.62810707092285,28.022686004638672,31.282480239868164,29.20673179626465,26.1165771484375,30.186908721923828,25.571977615356445,29.828670501708984,29.3026180267334,32.41896057128906,31.355457305908203,29.033266067504883,31.687257766723633,24.39400291442871,28.041282653808594,22.765140533447266,30.01459503173828,25.72252082824707,28.421260833740234,30.15269660949707,29.689746856689453,28.99698257446289,28.02895736694336,25.931135177612305,33.296836853027344,25.40785026550293,31.663406372070312,29.547922134399414,30.583045959472656,27.278301239013672,28.365636825561523,32.422183990478516,31.79939079284668,24.577011108398438,27.20163917541504,27.325618743896484,35.83993148803711,32.85909652709961,28.281848907470703,28.58946418762207,33.596649169921875,32.39354705810547
θ w ɛ1 p ɪ d,6,data/daland_test.txt,29.458213806152344,28.842660903930664,28.40351676940918,29.154170989990234,30.8658504486084,30.8447265625,28.79030990600586,29.257122039794922,28.56975555419922,28.543670654296875,31.193849563598633,27.3902587890625,24.251144409179688,28.44597625732422,25.74989891052246,25.949810028076172,26.03076171875,31.436147689819336,29.528362274169922,29.1638240814209,27.43035125732422,31.76905632019043,23.886825561523438,23.694034576416016,27.786285400390625,28.11587142944336,24.894737243652344,26.618677139282227,32.99906921386719,23.546499252319336,27.064483642578125,29.53321075439453,32.97719192504883,29.943931579589844,30.06437110900879,27.998241424560547,30.635475158691406,25.618553161621094,31.489484786987305,25.485536575317383,28.42803192138672,25.165014266967773,29.47670555114746,30.695634841918945,33.99531555175781,31.973670959472656,23.70404815673828,28.420745849609375,28.227523803710938,29.335277557373047
θ w ɑ1ː s ɪ p,6,data/daland_test.txt,28.330739974975586,30.054710388183594,25.428136825561523,29.535449981689453,32.411590576171875,29.606056213378906,25.943904876708984,28.190574645996094,29.23128318786621,28.857465744018555,28.836166381835938,30.984006881713867,26.511674880981445,26.421743392944336,29.06832504272461,24.83367919921875,30.59103012084961,35.26929473876953,33.19037628173828,29.01712417602539,29.836170196533203,33.513099670410156,26.442584991455078,25.699724197387695,28.215673446655273,33.566001892089844,30.166807174682617,25.919639587402344,30.87900161743164,27.655603408813477,28.45083236694336,29.243850708007812,29.00436019897461,32.720340728759766,33.90424346923828,30.318458557128906,32.215110778808594,29.741310119628906,30.34335708618164,33.18540573120117,27.77692413330078,24.722652435302734,31.944293975830078,29.312585830688477,30.802154541015625,35.28129196166992,26.725221633911133,32.55021667480469,30.08682632446289,30.753616333007812
t l i1ː b ɪ d,6,data/daland_test.txt,26.102893829345703,25.691688537597656,22.732921600341797,24.609729766845703,28.299671173095703,27.72806167602539,23.265819549560547,24.060115814208984,25.950342178344727,24.916757583618164,24.46613311767578,27.742137908935547,25.53658676147461,24.94695281982422,26.0606746673584,22.492528915405273,26.16630744934082,25.12771224975586,27.458415985107422,24.690731048583984,27.082759857177734,24.070091247558594,24.187284469604492,19.619701385498047,25.844940185546875,24.358497619628906,27.267173767089844,25.445537567138672,26.08376693725586,20.531356811523438,23.513214111328125,22.603132247924805,25.913637161254883,23.652873992919922,23.71864891052246,25.168354034423828,28.09185028076172,21.121959686279297,24.78203773498535,25.452838897705078,30.143436431884766,19.124258041381836,24.800464630126953,25.22043800354004,29.642776489257812,27.293373107910156,23.409271240234375,27.30170249938965,28.06352996826172,23.479400634765625
t l ɑ1ː t ɪ f,6,data/daland_test.txt,30.60162925720215,28.79636001586914,28.090574264526367,29.841157913208008,34.012001037597656,30.637826919555664,25.50374984741211,27.918720245361328,28.465919494628906,30.945316314697266,25.2215576171875,28.814199447631836,30.618366241455078,30.507965087890625,27.92827796936035,25.5476131439209,31.019683837890625,31.117820739746094,30.48212432861328,30.15200424194336,29.08329200744629,25.42276954650879,28.98080062866211,25.700084686279297,29.196170806884766,30.13333511352539,32.158790588378906,31.471729278564453,29.526607513427734,23.842872619628906,27.95206642150879,23.79571533203125,28.257966995239258,26.352428436279297,29.668781280517578,30.324281692504883,31.67336654663086,25.73806381225586,29.41516876220703,30.547748565673828,32.26195526123047,25.459131240844727,27.30333709716797,31.358585357666016,32.433753967285156,30.515668869018555,27.79593276977539,29.12067222595215,33.81370544433594,27.30649185180664
t ɹ ɛ1 z ɪ g,6,data/daland_test.txt,26.894126892089844,28.748483657836914,22.906538009643555,25.342666625976562,30.6361141204834,26.27703285217285,25.56647491455078,26.745677947998047,29.9012508392334,26.792407989501953,24.32685089111328,29.49806785583496,24.80560874938965,25.36079978942871,25.979625701904297,25.373437881469727,24.61897850036621,29.212499618530273,25.60297966003418,26.38842010498047,25.63054656982422,23.542362213134766,26.547826766967773,24.905113220214844,25.13858413696289,25.243310928344727,26.368701934814453,25.05438995361328,26.356910705566406,21.967857360839844,23.18089485168457,23.260704040527344,25.304357528686523,22.185670852661133,32.568851470947266,28.209367752075195,27.544368743896484,23.535974502563477,25.85453224182129,24.661962509155273,25.2950439453125,23.280948638916016,25.24974822998047,23.12677001953125,28.674854278564453,24.139041900634766,23.59686851501465,24.62192726135254,25.920185089111328,27.9246826171875
t ɹ ɑ1ː s ɪ p,6,data/daland_test.txt,22.630748748779297,23.978862762451172,20.34164047241211,22.877811431884766,27.713956832885742,23.047809600830078,25.307910919189453,25.404613494873047,27.808940887451172,24.645328521728516,24.683914184570312,25.908893585205078,20.654088973999023,22.494609832763672,23.301555633544922,22.888099670410156,25.294769287109375,30.43817901611328,22.073688507080078,24.644681930541992,21.734481811523438,22.42092514038086,21.658578872680664,21.530494689941406,24.11933708190918,21.88051414489746,22.480772018432617,18.652414321899414,23.146717071533203,21.152542114257812,20.5355167388916,21.185367584228516,22.9410400390625,22.04583740234375,25.68914794921875,20.340709686279297,25.74298667907715,22.89592933654785,20.721221923828125,22.6743106842041,23.004016876220703,19.34372329711914,19.870277404785156,23.13340950012207,22.35430335998535,22.554370880126953,20.20846939086914,21.81290054321289,25.562238693237305,20.591482162475586
t w i1ː g ɪ f,6,data/daland_test.txt,30.923250198364258,31.693681716918945,27.66889762878418,27.58420181274414,34.86857604980469,30.56017303466797,28.78350067138672,28.306249618530273,31.19952392578125,30.511451721191406,27.937896728515625,28.394519805908203,31.3457088470459,34.845088958740234,31.611026763916016,28.30031967163086,30.922019958496094,36.24344253540039,31.80649757385254,29.817672729492188,30.640840530395508,30.13454818725586,26.616168975830078,27.34589385986328,31.5550537109375,32.875335693359375,34.26803207397461,25.849485397338867,33.464630126953125,25.064720153808594,28.058279037475586,30.276046752929688,34.76176071166992,29.130664825439453,32.27685546875,30.243770599365234,32.624359130859375,32.17116928100586,30.990751266479492,31.285762786865234,30.291135787963867,24.868743896484375,31.69560432434082,28.231184005737305,29.355361938476562,34.416473388671875,30.366708755493164,30.67639923095703,28.380813598632812,30.37853240966797
t w ɑ1ː s ɪ p,6,data/daland_test.txt,26.602035522460938,29.21072006225586,22.980731964111328,26.804744720458984,28.773378372192383,26.642057418823242,22.70943260192871,28.625816345214844,29.989322662353516,27.34440040588379,26.03928565979004,29.93735122680664,26.00289535522461,25.731063842773438,26.741792678833008,26.01240348815918,26.96017837524414,34.759681701660156,30.037670135498047,26.789623260498047,25.116792678833008,26.11040496826172,26.74142074584961,22.349994659423828,25.436893463134766,30.765792846679688,28.04026985168457,23.146198272705078,30.078664779663086,25.23224639892578,28.221662521362305,26.00998878479004,27.546363830566406,27.278488159179688,29.788543701171875,25.585901260375977,30.27297592163086,26.73653221130371,27.204896926879883,31.83590316772461,26.614749908447266,22.423452377319336,27.4727840423584,26.891794204711914,29.113126754760742,28.88719367980957,28.617855072021484,27.888916015625,28.168533325195312,27.352018356323242
v l ɛ1 p ɪ d,6,data/daland_test.txt,26.5017147064209,24.733509063720703,27.384777069091797,21.193273544311523,27.186861038208008,25.899503707885742,22.209945678710938,26.936752319335938,23.6988525390625,29.084762573242188,23.800029754638672,24.716018676757812,25.444049835205078,27.676979064941406,28.41179656982422,23.998931884765625,24.248939514160156,24.1485595703125,27.0191593170166,24.94723129272461,20.552383422851562,27.11406707763672,22.025562286376953,20.080291748046875,27.772899627685547,23.80434799194336,24.564212799072266,26.885238647460938,22.883840560913086,23.95022201538086,24.093955993652344,22.92298126220703,26.270784378051758,22.733692169189453,30.359134674072266,22.461807250976562,26.414546966552734,21.7311954498291,27.892662048339844,30.34078598022461,26.172809600830078,20.420494079589844,26.482892990112305,27.442718505859375,26.270631790161133,23.329410552978516,26.4831600189209,22.80593490600586,28.489240646362305,27.29926872253418
v l ɑ1ː s ɪ p,6,data/daland_test.txt,26.727758407592773,27.784912109375,23.794105529785156,29.5716552734375,31.797725677490234,25.931133270263672,25.52533721923828,28.269636154174805,26.283538818359375,29.030183792114258,28.408084869384766,27.427471160888672,23.809242248535156,28.211280822753906,23.95335578918457,20.038087844848633,29.31563949584961,26.493553161621094,26.922399520874023,28.967546463012695,26.503185272216797,26.855541229248047,26.216087341308594,22.939464569091797,28.83823585510254,24.870254516601562,26.20925521850586,26.652687072753906,25.998458862304688,25.29316520690918,27.313465118408203,28.1822509765625,25.42245864868164,26.953411102294922,30.674304962158203,27.087539672851562,30.947593688964844,21.922739028930664,28.0783634185791,34.65187454223633,34.00056457519531,22.34050941467285,25.057958602905273,31.392688751220703,27.696395874023438,26.071916580200195,25.76231575012207,25.51923179626465,31.400163650512695,25.611679077148438
v ɹ i1ː b ɪ d,6,data/daland_test.txt,30.676992416381836,29.835927963256836,30.48038673400879,27.088594436645508,33.487022399902344,30.89498519897461,27.934463500976562,30.016159057617188,27.571718215942383,29.944381713867188,29.100914001464844,28.8692626953125,30.61703109741211,29.8582820892334,30.911048889160156,27.077899932861328,28.84041976928711,28.003311157226562,33.66900634765625,29.765356063842773,30.90161895751953,26.428939819335938,27.908218383789062,25.865697860717773,30.947729110717773,28.535398483276367,31.597793579101562,28.976186752319336,31.77168846130371,24.988018035888672,27.3504638671875,25.196338653564453,28.753704071044922,28.66305160522461,31.78565216064453,30.06667137145996,31.977916717529297,26.02020263671875,32.46146774291992,32.76131057739258,31.336021423339844,24.542572021484375,30.44378089904785,30.689104080200195,31.359962463378906,27.585086822509766,27.507835388183594,28.04955291748047,31.766740798950195,27.370254516601562
v ɹ ɛ1 z ɪ g,6,data/daland_test.txt,30.01055335998535,29.27754020690918,31.31833267211914,28.116621017456055,35.15762710571289,34.19513702392578,29.450969696044922,30.98828125,26.058866500854492,33.297515869140625,32.32745361328125,32.256771087646484,30.924535751342773,30.860973358154297,31.747312545776367,29.18505096435547,27.93756103515625,32.446685791015625,33.25786590576172,30.462989807128906,32.40602111816406,29.573383331298828,30.752439498901367,28.475900650024414,29.915111541748047,30.53667449951172,30.904239654541016,30.255332946777344,32.99311065673828,29.341461181640625,28.568599700927734,26.526155471801758,31.572315216064453,28.93425750732422,38.25091552734375,36.05953598022461,32.760562896728516,26.958728790283203,33.96889114379883,32.08576202392578,32.79222106933594,29.798458099365234,30.492076873779297,35.06049346923828,36.11074447631836,27.507352828979492,31.240901947021484,29.303091049194336,33.03349304199219,32.55189514160156
v w i1ː g ɪ f,6,data/daland_test.txt,39.89051818847656,41.545623779296875,36.70573806762695,39.57301712036133,40.463653564453125,36.167755126953125,36.5813102722168,37.39301300048828,33.54574966430664,37.99760437011719,39.406856536865234,37.26750564575195,40.39118957519531,43.077667236328125,37.351802825927734,34.949371337890625,36.13057327270508,40.38758850097656,40.74272155761719,39.792572021484375,37.870948791503906,40.214996337890625,36.40499496459961,30.465505599975586,42.970176696777344,38.233245849609375,39.591148376464844,35.827335357666016,42.09537887573242,35.72317123413086,36.987152099609375,33.09027862548828,39.30201721191406,37.647544860839844,40.18777847290039,40.61227798461914,41.598114013671875,37.4271354675293,38.41456604003906,39.890037536621094,38.1812629699707,30.3749942779541,38.040462493896484,38.698387145996094,34.634910583496094,41.42396545410156,33.877071380615234,35.86048126220703,34.54311752319336,35.518531799316406
v w ɑ1ː t ɪ f,6,data/daland_test.txt,34.18480682373047,37.263031005859375,39.40736389160156,35.18678665161133,41.410831451416016,32.815208435058594,33.14576721191406,37.802940368652344,33.710330963134766,38.28179931640625,35.09245300292969,36.180049896240234,37.229312896728516,39.76570129394531,34.01344299316406,36.01192092895508,38.41434097290039,40.13780975341797,41.207218170166016,33.96342849731445,37.43585968017578,33.01336669921875,33.05331039428711,30.302936553955078,37.59961700439453,36.61998748779297,36.04384231567383,31.655271530151367,38.718013763427734,33.63135528564453,34.36393737792969,28.24617576599121,35.286781311035156,34.131710052490234,37.501190185546875,39.65882110595703,39.36677932739258,34.626197814941406,37.104408264160156,39.727317810058594,36.9669075012207,29.91263198852539,34.45550537109375,39.26665115356445,33.613731384277344,34.100921630859375,33.69744110107422,32.70669174194336,34.922279357910156,33.19118118286133
z ɹ ɛ1 p ɪ d,6,data/daland_test.txt,23.892181396484375,26.233251571655273,26.194223403930664,21.42839813232422,30.294281005859375,27.744529724121094,23.90108871459961,26.047054290771484,22.188955307006836,28.895835876464844,27.419477462768555,31.061729431152344,27.260040283203125,28.55538558959961,28.014984130859375,27.137893676757812,26.191476821899414,29.23564910888672,27.206619262695312,28.148195266723633,26.265167236328125,27.116302490234375,23.933639526367188,27.01039695739746,27.55313491821289,26.57111358642578,24.225492477416992,26.752086639404297,28.474895477294922,23.440261840820312,29.611331939697266,25.262340545654297,29.19159698486328,26.50181770324707,29.50109100341797,28.019638061523438,29.036380767822266,26.560333251953125,29.663175582885742,26.222537994384766,31.13232421875,22.04149627685547,28.767032623291016,26.943029403686523,29.709190368652344,23.16209602355957,21.164894104003906,23.786365509033203,29.77846336364746,25.46637725830078
z ɹ ɑ1ː s ɪ p,6,data/daland_test.txt,28.394916534423828,30.211511611938477,24.083059310913086,30.089868545532227,35.31639099121094,29.105854034423828,33.95504379272461,33.96430969238281,31.94651222229004,29.86314582824707,31.07094955444336,32.78620910644531,27.210464477539062,31.506860733032227,32.04233932495117,25.486902236938477,32.63074493408203,34.154197692871094,29.164688110351562,32.736305236816406,34.38780212402344,30.227943420410156,25.902698516845703,24.809967041015625,30.134275436401367,27.759050369262695,29.29393196105957,28.867082595825195,31.561479568481445,25.433258056640625,30.650190353393555,29.57755470275879,31.185749053955078,29.55579376220703,36.41514205932617,33.92509078979492,32.27467346191406,27.649044036865234,29.827415466308594,30.112031936645508,31.873531341552734,24.525318145751953,29.252227783203125,32.42063903808594,29.35849380493164,25.30860137939453,22.226333618164062,29.948387145996094,33.436927795410156,27.416610717773438
